,accuracy,precision,recall,f1_score,roc_auc
Logistic Regression,0.9295833333333333,0.8398692810457516,0.6816976127320955,0.7525622254758418,0.9627375368933655
Decision Tree,0.8925,0.6561679790026247,0.6631299734748011,0.6596306068601583,0.7991873297922696
Random Forest,0.9316666666666666,0.8123167155425219,0.7347480106100795,0.7715877437325905,0.9690561198734448
